task_id,subtask_id,status,encoder,encoded_at,validate_status_1
P0001,,encoding_required,,,
P0001,S0001,pending,,,
P0002,,encoding_required,,,
P0002,S0001,pending,,,
T0001,,encoding_required,,,
T0001,S0001,pending,,,
T0002,,encoding_required,,,
T0002,S0001,pending,,,
T0003,,encoding_required,,,
T0003,S0001,pending,,,
T0004,,encoding_required,,,
T0004,S0001,pending,,,
T0005,,encoding_required,,,
T0005,S0001,pending,,,
T0006,,encoding_required,,,
T0006,S0001,pending,,,
T0007,,encoding_required,,,
T0007,S0001,pending,,,
T0008,,encoding_required,,,
T0008,S0001,pending,,,
T0009,,encoding_required,,,
T0009,S0001,pending,,,
T0010,,encoding_required,,,
T0010,S0001,pending,,,
T0011,,encoding_required,,,
T0011,S0001,pending,,,
T0012,,encoding_required,,,
T0012,S0001,pending,,,
T0013,,encoding_required,,,
T0013,S0001,pending,,,
T0014,,encoding_required,,,
T0014,S0001,pending,,,
T0015,,encoding_required,,,
T0015,S0001,pending,,,
T0016,,encoding_required,,,
T0016,S0001,pending,,,
T0017,,encoding_required,,,
T0017,S0001,pending,,,
T0018,,encoding_required,,,
T0018,S0001,pending,,,
T0019,,encoding_required,,,
T0019,S0001,pending,,,
T0020,,encoding_required,,,
T0020,S0001,pending,,,
T0021,,encoding_required,,,
T0021,S0001,pending,,,
T0022,,encoding_required,,,
T0022,S0001,pending,,,
T0023,,encoding_required,,,
T0023,S0001,pending,,,
T0024,,encoding_required,,,
T0024,S0001,pending,,,
T0025,,encoding_required,,,
T0025,S0001,pending,,,
T0026,,encoding_required,,,
T0026,S0001,pending,,,
T0027,,encoding_required,,,
T0027,S0001,pending,,,
T0028,,encoding_required,,,
T0028,S0001,pending,,,
T0029,,encoding_required,,,
T0029,S0001,pending,,,
T0030,,encoding_required,,,
T0030,S0001,pending,,,
T0031,,encoding_required,,,
T0031,S0001,pending,,,
T0032,,encoding_required,,,
T0032,S0001,pending,,,
T0033,,encoding_required,,,
T0033,S0001,pending,,,
T0034,,encoding_required,,,
T0034,S0001,pending,,,
T0035,,encoding_required,,,
T0035,S0001,pending,,,
T0036,,encoding_required,,,
T0036,S0001,pending,,,
T0037,,encoding_required,,,
T0037,S0001,pending,,,
T0038,,encoding_required,,,
T0038,S0001,pending,,,
T0039,,encoding_required,,,
T0039,S0001,pending,,,
T0040,,encoding_required,,,
T0040,S0001,pending,,,
