task_id,subtask_id,fragment,locator,allowlist,blocklist,depends_on
P0001,,sources/piece-01/score.mei,omr-layout,,,
P0001,S0001,sources/piece-01/score.mei,omr-layout,,,
P0002,,sources/piece-01/score.mei,score-setup,,,P0001
P0002,S0001,sources/piece-01/score.mei,score-setup,,,
T0001,,sources/piece-01/score.mei,surface-1,,,P0002
T0001,S0001,sources/piece-01/score.mei,surface-1,,,
T0002,,sources/piece-01/score.mei,surface-2,,,P0002
T0002,S0001,sources/piece-01/score.mei,surface-2,,,
T0003,,sources/piece-01/score.mei,surface-3,,,P0002
T0003,S0001,sources/piece-01/score.mei,surface-3,,,
T0004,,sources/piece-01/score.mei,surface-4,,,P0002
T0004,S0001,sources/piece-01/score.mei,surface-4,,,
T0005,,sources/piece-01/score.mei,surface-5,,,P0002
T0005,S0001,sources/piece-01/score.mei,surface-5,,,
T0006,,sources/piece-01/score.mei,surface-6,,,P0002
T0006,S0001,sources/piece-01/score.mei,surface-6,,,
T0007,,sources/piece-01/score.mei,surface-7,,,P0002
T0007,S0001,sources/piece-01/score.mei,surface-7,,,
T0008,,sources/piece-01/score.mei,surface-8,,,P0002
T0008,S0001,sources/piece-01/score.mei,surface-8,,,
T0009,,sources/piece-01/score.mei,surface-9,,,P0002
T0009,S0001,sources/piece-01/score.mei,surface-9,,,
T0010,,sources/piece-01/score.mei,surface-10,,,P0002
T0010,S0001,sources/piece-01/score.mei,surface-10,,,
T0011,,sources/piece-01/score.mei,surface-11,,,P0002
T0011,S0001,sources/piece-01/score.mei,surface-11,,,
T0012,,sources/piece-01/score.mei,surface-12,,,P0002
T0012,S0001,sources/piece-01/score.mei,surface-12,,,
T0013,,sources/piece-01/score.mei,surface-13,,,P0002
T0013,S0001,sources/piece-01/score.mei,surface-13,,,
T0014,,sources/piece-01/score.mei,surface-14,,,P0002
T0014,S0001,sources/piece-01/score.mei,surface-14,,,
T0015,,sources/piece-01/score.mei,surface-15,,,P0002
T0015,S0001,sources/piece-01/score.mei,surface-15,,,
T0016,,sources/piece-01/score.mei,surface-16,,,P0002
T0016,S0001,sources/piece-01/score.mei,surface-16,,,
T0017,,sources/piece-01/score.mei,surface-17,,,P0002
T0017,S0001,sources/piece-01/score.mei,surface-17,,,
T0018,,sources/piece-01/score.mei,surface-18,,,P0002
T0018,S0001,sources/piece-01/score.mei,surface-18,,,
T0019,,sources/piece-01/score.mei,surface-19,,,P0002
T0019,S0001,sources/piece-01/score.mei,surface-19,,,
T0020,,sources/piece-01/score.mei,surface-20,,,P0002
T0020,S0001,sources/piece-01/score.mei,surface-20,,,
T0021,,sources/piece-01/score.mei,surface-21,,,P0002
T0021,S0001,sources/piece-01/score.mei,surface-21,,,
T0022,,sources/piece-01/score.mei,surface-22,,,P0002
T0022,S0001,sources/piece-01/score.mei,surface-22,,,
T0023,,sources/piece-01/score.mei,surface-23,,,P0002
T0023,S0001,sources/piece-01/score.mei,surface-23,,,
T0024,,sources/piece-01/score.mei,surface-24,,,P0002
T0024,S0001,sources/piece-01/score.mei,surface-24,,,
T0025,,sources/piece-01/score.mei,surface-25,,,P0002
T0025,S0001,sources/piece-01/score.mei,surface-25,,,
T0026,,sources/piece-01/score.mei,surface-26,,,P0002
T0026,S0001,sources/piece-01/score.mei,surface-26,,,
T0027,,sources/piece-01/score.mei,surface-27,,,P0002
T0027,S0001,sources/piece-01/score.mei,surface-27,,,
T0028,,sources/piece-01/score.mei,surface-28,,,P0002
T0028,S0001,sources/piece-01/score.mei,surface-28,,,
T0029,,sources/piece-01/score.mei,surface-29,,,P0002
T0029,S0001,sources/piece-01/score.mei,surface-29,,,
T0030,,sources/piece-01/score.mei,surface-30,,,P0002
T0030,S0001,sources/piece-01/score.mei,surface-30,,,
T0031,,sources/piece-01/score.mei,surface-31,,,P0002
T0031,S0001,sources/piece-01/score.mei,surface-31,,,
T0032,,sources/piece-01/score.mei,surface-32,,,P0002
T0032,S0001,sources/piece-01/score.mei,surface-32,,,
T0033,,sources/piece-01/score.mei,surface-33,,,P0002
T0033,S0001,sources/piece-01/score.mei,surface-33,,,
T0034,,sources/piece-01/score.mei,surface-34,,,P0002
T0034,S0001,sources/piece-01/score.mei,surface-34,,,
T0035,,sources/piece-01/score.mei,surface-35,,,P0002
T0035,S0001,sources/piece-01/score.mei,surface-35,,,
T0036,,sources/piece-01/score.mei,surface-36,,,P0002
T0036,S0001,sources/piece-01/score.mei,surface-36,,,
T0037,,sources/piece-01/score.mei,surface-37,,,P0002
T0037,S0001,sources/piece-01/score.mei,surface-37,,,
T0038,,sources/piece-01/score.mei,surface-38,,,P0002
T0038,S0001,sources/piece-01/score.mei,surface-38,,,
T0039,,sources/piece-01/score.mei,surface-39,,,P0002
T0039,S0001,sources/piece-01/score.mei,surface-39,,,
T0040,,sources/piece-01/score.mei,surface-40,,,P0002
T0040,S0001,sources/piece-01/score.mei,surface-40,,,
